name,review_count,stars,latitude,longitude,categery
Jahangir Khanzada,5,3,34.05759317,71.40467786,painter
TAHIR SADIQ,128,2.5,34.06159725,71.43805012,welder
MALIK MUHAMMAD ANWAR,170,4,34.06704129,71.43803848,plumber
MALIK JAMSHAID ALTAF,3,5,34.06704911,71.44460128,taillor
MUHAMAMD LATASAB SATTI,4,4,34.05320008,71.45417529,electrition 
RAJA SAGHEER AHMED,3,2.5,34.06162101,71.46191797,genral worker
Javed Kausar,7,3.5,34.03293141,71.47567963,welder
Chaudhary Sajid Mehmood,3,3.5,34.02795546,71.43455556,painter
CH NISAR ALI KHAN,8,5,34.02991575,71.41727932,welder
WASIQ QAYYUM ABBASI,8,4.5,34.038352,71.44824142,plumber
AMJAD MEHMOOD CHAUDHRY,5,2,34.01115962,71.45007914,taillor
MUHAMMAD BASHARAT RAJA,18,3,34.0096595,71.42269603,electrition 
UMER TANVEER,9,3.5,34.04182261,71.45777567,genral worker
Raja Rashid Hafeez,16,4,34.01858393,71.46675416,carpenter
FAYAZ UL HASAN CHOHAN,7,3,33.99387227,71.48347549,painter
EJAZ KHAN,4,4,33.99435275,71.44057633,welder
AMMAR SADDIQUE KHAN,5,5,34.01953662,71.41731428,plumber
MALIK TAIMOOR MASOOD,40,4,34.02545322,71.40419683,taillor
YASIR HUMAYUN,21,5,34.0106326,71.40426138,electrition 
TANVEER ASLAM MALIK,23,4,33.97805103,71.41742087,genral worker
SARDAR AFTAB AKBAR KHAN,38,4.5,34.00124306,71.39301268,welder
AMMAR YASIR,3,3.5,34.01308325,71.38582458,painter
RAJA YAWAR KAMAL KHAN,107,4,34.02640688,71.37622892,welder
ZAFAR IQBAL,35,4,34.04316291,71.37819094,plumber
FAWAD AHMED,4,5,34.05310266,71.38087692,taillor
SHUJAHAT NAWAZ,184,4.5,34.06993623,71.3873479,electrition 
Muhammad Abdullah Warrich,8,4.5,34.07192457,71.39270468,genral worker
Parvez Elahi,12,5,34.07639521,71.40342283,carpenter
Saleem Sarwar Jaura,52,4.5,34.07887471,71.40639681,painter
Mian Muhammad Akhtar Hayat,57,3,34.08235935,71.41891272,welder
CHAUDHRY LIAQAT ALI,38,3.5,34.08534951,71.43262997,plumber
Muhammad Arshad Chaudhary,4,5,34.08735629,71.45232484,taillor
ARIF IQBAL,29,3.5,34.09577074,71.45111934,electrition 
MUHAMMAD AKHLAQ,6,4.5,34.09724079,71.43857612,genral worker
Khuwaja Muhammad Mansha Ullah Butt,19,1.5,34.08043146,71.45830571,welder
Choudhary Khush Akhter Subhani,16,3.5,34.07945858,71.48339312,painter
Liaqat Ali,6,3.5,34.09281435,71.46904514,welder
RANA MUHAMMAD AFZAL,6,2.5,34.04779877,71.52342211,plumber
MUHAMMAD RIZWAN,13,2.5,34.06710459,71.52581159,taillor
ZEESHAN RAFIQUE,12,5,34.09234608,71.52282364,electrition 
CHAUDHRY NAVEED ASHRAF,3,5,34.11461331,71.50249821,genral worker
CHAUDHRY ARSHAD JAVAID WARRAICH,6,5,34.11459906,71.47320965,carpenter
RANA ABDUL SATTAR,5,2,34.11457921,71.45109923,painter
SYED SAEED UL HASSAN,44,5,34.11059366,71.42780406,welder
Abu Hafas Muhammad Ghayas Ud Din,10,5,34.12053789,71.47021625,plumber
MANAN KHAN,4,2,34.1230197,71.47918049,taillor
BILAL AKBAR KHAN,5,3,34.12154063,71.49950742,electrition 
KHAWAJA MUHAMMAD WASEEM,57,4.5,34.11363021,71.52043194,genral worker
SHAUKAT MANZOOR CHEEMA,14,3.5,34.1002696,71.54733101,welder
Chaudhary Aadil Bakhsh Chattha,3,5,34.05472908,71.57301327,painter
BILAL FAROOQ TARAR,9,4,34.05324255,71.57779301,welder
IMRAN KHALID BUTT,4,5,34.05373549,71.58616106,plumber
MUHAMMAD NAWAZ CHOHAN,64,2.5,34.08146151,71.57781253,taillor
MUHAMMAD TOUFEEQ BUTT,174,4,34.09978301,71.57065095,electrition 
Choudhary Ashraf Ali,3,2.5,33.99337926,71.51268931,genral worker
ABDUL RAUF MUGHAL,3,2.5,34.00819178,71.58968439,carpenter
CHAUDHARY WAQAR AHMAD CHEEMA,11,3.5,34.00967617,71.58968766,painter
QAISAR IQBAL,3,3.5,34.01264523,71.58969425,welder
Akhtar Ali Khan,15,3,34.01462404,71.59089203,plumber
AMAN ULLAH WARRAICH,7,4,34.01808728,71.5932852,taillor
CHAUDHARY MOHAMMAD IQBAL,15,1.5,34.02204463,71.59747155,electrition 
IRFAN BASHIR,12,4.5,34.02451852,71.59926685,genral worker
HAMEEDA MIAN,4,4,34.02649753,71.60106177,welder
Muhammad Tariq Tarar,3,3.5,34.02847687,71.60225922,painter
Sajid Ahmad Khan,27,2,34.02798021,71.60524638,welder
GULRAIZ AFZAL GONDAL,10,4,34.02797848,71.60823427,plumber
MUHAMMAD MAMOON TARAR,242,4.5,34.02797645,71.61122182,taillor
Muzaffer Ali Sheikh,5,4,34.02797206,71.61779447,electrition 
Muhammad Ahsan Jahangir,7,5,34.02895698,71.62496667,genral worker
SOHAIB AHMAD MALIK,9,4,34.03291312,71.63094956,carpenter
YASIR ZAFAR SANDHU,8,5,34.03588115,71.63454181,painter
Mian Manazar Hussain Ranjha,103,4,34.03983992,71.63813813,welder
MUHAMMAD MUNEEB SULTAN CHEEMA,16,3,34.04231463,71.63993769,plumber
Chaudhari Faisal Farooq Cheema,106,4.5,34.04528473,71.64173858,taillor
Liaqat Ali Khan,5,5,34.04776087,71.64174381,electrition 
ANSAR MAJEED KHAN NIAZI,33,2,34.04974453,71.6381599,genral worker
RANA MUNAWAR HUSSAIN,18,5,34.05123257,71.63457445,welder
GHULAM ALI ASGHAR KHAN LAHRY,5,3,34.05271945,71.63278329,painter
CHAUDHRY IFTIKHAR HUSSAIN,269,3.5,34.05569122,71.63278942,welder
FATEH KHALIQ,10,4.5,34.05717798,71.63099819,plumber
MALIK GHULAM RASOOL SANGHA,16,3.5,34.05717948,71.62860653,taillor
Muhammad Waris Shad,20,4,34.05619051,71.62621307,electrition 
ABDUL REHMAN KHAN,22,4,34.05371648,71.62262117,genral worker
AMIN ULLAH KHAN,18,4,34.05223263,71.6196294,carpenter
MOHAMMAD SIBTAIN KHAN,10,4.5,34.04926347,71.61603739,painter
Ameer Muhammad Khan,26,5,34.0482734,71.61543793,welder
Saeed akbar Khan,4,4,34.04728517,71.61184999,plumber
GHAZANFER ABBAS,17,5,34.04580129,71.60885913,taillor
Muhammad Aamir Inayat Shahani,8,2.5,34.04184378,71.60168102,electrition 
Taimoor Ali Lali,3,2.5,34.03937053,71.59689671,genral worker
MUHAMMAD ILLYAS,5,5,34.03689756,71.5915156,welder
SYED HASSAN MURTAZA,7,3.5,34.03392952,71.586135,painter
SALEEM BIBI,3,3.5,34.03244504,71.58493865,welder
MUHAMMAD AJMAL,21,3.5,34.03039732,71.57951128,plumber
MUHAMMAD SHOIB IDREES,3,5,34.02799459,71.57537835,taillor
ALI AKHTER,11,2,34.02453292,71.56701478,electrition 
ZAHEER UD DIN,43,3.5,34.02008026,71.55864697,genral worker
Rai Haidar Ali Khan,3,3.5,34.01513387,71.5502815,carpenter
ADIL PERVAIZ,8,5,34.0126613,71.54610055,painter
MUHAMMAD SAFDAR SHAKIR,26,3.5,34.00870568,71.54013052,welder
MUMTAZ AHMED,116,4.5,34.00821102,71.54072704,plumber
Umar Farooq,6,4,34.00920017,71.5407274,taillor
Shafiq Ahmad,9,3,34.00722231,71.53774336,electrition 
Muhammad Ajmal,5,4,34.00474999,71.53416287,genral worker
Zafar Iqbal,7,3,34.00178285,71.52939016,welder
Khayal Ahmad,38,3.5,33.99930982,71.52521383,painter
Shakeel Shahid,7,4,33.996839,71.52163485,welder
Muhammad Tahir Pervaiz,22,4,33.99486211,71.51745996,plumber
Muhammad Waris Aziz,13,4,33.9928848,71.51388213,taillor
Muhammad Latif Nazar,7,4,33.99140191,71.51149715,electrition 
Ali Abbas Khan,90,3,33.98893085,71.50732429,genral worker
Faqir Hussain,4,2,33.98645995,71.50374837,carpenter
Hamid Rashid,3,3.5,33.98003827,71.49481333,painter
Chaudhary Khalid Javaid,8,4,33.9770762,71.49005032,welder
ABDUL QADEER ALVI,14,5,33.97312555,71.48469308,plumber
muhammad ayub khan,6,3.5,33.97016099,71.47992968,taillor
saeed ahmad,40,2,33.97016018,71.47754638,electrition 
ASHIFA RIAZ,6,4.5,33.96867906,71.47397509,genral worker
Sonia,10,5,33.96769178,71.4704038,welder
Muhammad Taimoor Khan,6,3.5,33.96769185,71.46742671,painter
Faisal Hayat,12,3.5,33.96769181,71.46564051,welder
Sheikh Sheraz Akram,25,4.5,33.96818526,71.46028143,plumber
Mehar Muhammad Aslam,15,3,33.96818489,71.45492389,taillor
Ghazanfar Abbas Shah,3,5,33.96867692,71.45075443,electrition 
Mian Muhammad Asif,52,2.5,33.96867562,71.44777686,genral worker
Shahbaz Ahmad,8,4,33.96867417,71.44479932,carpenter
Mian Ijaz Hussain Bhatti,3,1,33.9691655,71.44062942,painter
Muhammad Atif,5,4,33.96965704,71.43705496,welder
Mohammad Kashif,76,4,33.97064276,71.43467013,plumber
Agha Ali Haidar,7,5,33.97113625,71.43228968,taillor
Umer Aftab,3,5,33.97261827,71.4299095,electrition 
Khurram Ijaz,18,2,33.97409972,71.42931218,genral worker
Muhammad Ashraf Rasool,38,5,33.97656875,71.42871275,welder
Mian Abdul Rouf,14,3,33.98298841,71.42869934,painter
MIAN JALEEL AHMAD,9,3.5,33.99138537,71.43284352,welder
Mian Khalid Mehmood,3,2,34.00225886,71.44056473,plumber
MAHMOOD UL HAQ,5,1,34.00967521,71.44710347,taillor
Sher Akbar Khan,33,4.5,34.01758744,71.45304761,electrition 
Sajjad Haider Nadeem,5,2.5,34.02154474,71.45661641,genral worker
SAMI ULLAH KHAN,4,2,34.02500785,71.45959129,carpenter
GHAZALI SALEEM BUTT,320,4,34.02649213,71.46078129,painter
Muhammad Hamza Shehbaz Sharif,108,4,34.02995751,71.46614195,welder
Mujtaba Shuja Ur Rahman,18,1.5,34.03342265,71.47031154,plumber
SHAHBAZ AHMED,15,3,34.03837478,71.47805997,taillor
MARGHOOB AHMAD,3,5,34.04332578,71.48461971,electrition 
BILAL YASEEN,69,4,34.04679199,71.48998883,genral worker
MIAN MUHAMMAD ASLAM IQBAL,84,4,34.05273444,71.49893976,welder
Rana Mashood Ahmad Khan,29,4.5,34.05521252,71.50311716,painter
KHAWAJA IMRAN NAZEER,8,3,34.05868097,71.50789263,welder
Chaudry Akhtar Ali,5,3,34.06115737,71.5108781,plumber
MALIK GHULAM HABIB AWAN,13,2.5,34.06214794,71.51207239,taillor
MALIK MUHAMMAD WAHEED,3,3.5,34.06611053,71.51685028,electrition 
KHAWAJA SALMAN RAFIQ,15,4,34.07155839,71.52342167,genral worker
ABDUL ALEEM KHAN,8,4,34.07799396,71.53118972,carpenter
MURAD ROSS,3,2.5,34.08046901,71.5335803,painter
Mian Mahmood ur Rashid,4,1,34.08492403,71.53776418,welder
MALIK NADEEM ABBAS,664,4.5,34.08541895,71.53776424,plumber
MUHAMMAD YASIN AMIR,380,4,34.08541842,71.53477604,taillor
NASEER AHMAD,13,4.5,34.08541763,71.53059263,electrition 
Mian Muhammad Shahbaz Sharif,332,4.5,34.08541648,71.52401901,genral worker
Mian Muhammad Shahbaz Sharif,9,3.5,34.08491948,71.51445782,welder
RAMZAN SIDDIQUE,7,2.5,34.08145034,71.50430096,painter
NAZIR AHMAD CHOHAN,526,3.5,34.07599715,71.49056371,welder
KHAWAJA SAAD RAFIQUE,3,4,34.07004632,71.47563852,plumber
AKHTAR HUSSAIN,4,5,34.06260948,71.46012576,taillor
Muhammad Amin Zulqernain,7,3,34.05616219,71.44641367,electrition 
Rana Muhammad Tariq,30,4.5,34.05219427,71.43747552,genral worker
MUHAMMAD MIRZA JAVED,19,2.5,34.04822678,71.4291391,carpenter
SARFRAZ HUSSAIN,9,2.5,34.04574677,71.42378314,painter
Muhammad Naeem Safdar,3,5,34.04673603,71.4237804,welder
Malik Ahmad Saeed Khan,4,4,34.05020406,71.42794202,plumber
Malik Muhammad Ahmad Khan,9,5,34.0546652,71.43448748,taillor
Muhammad Hashim Dogar,29,3.5,34.06209805,71.44341828,electrition 
Sheikh Alla Uddin,3,4.5,34.06804884,71.45355072,genral worker
MALIK MUKHTAR AHMAD,535,3.5,34.07499142,71.46667443,welder
Sardar Muhammad Asif Nakai,33,4,34.07995239,71.48160083,painter
Rana Muhammad Iqbal Khan,287,3,34.08293085,71.49533865,welder
Muhammad Ilyas Khan,3,3,34.08343281,71.51027538,plumber
JAVED ALLO UD DIN SAJID,30,3.5,34.08343636,71.52222632,taillor
Syeda Maimanat Mohsin,4,5,34.08343972,71.54134986,electrition 
CHUDHARY IFTIKHAR HUSSAIN CHHACHHAR,11,4,34.0834405,71.54732643,genral worker
Noor Ul Amin Wattoo,9,3,34.0824512,71.55449864,carpenter
Ali Abbas,7,2.5,34.0814614,71.56226889,painter
Mian Yawar zaman,4,1,34.08096662,71.56525762,welder
Muneeb ul Haq,3,3.5,34.0799765,71.5694417,plumber
Ghulam Raza,15,4,34.07799615,71.57063601,taillor
Mian Muhammad Farrukh Mumtaz Maneka,17,3.5,34.07354057,71.57003555,electrition 
Naveed Ali,188,3,34.06710589,71.56285996,genral worker
Ahmad Shah Khaga,131,3.5,34.0576994,71.55150073,welder
Muhammad Naeem,5,4.5,34.04037503,71.53238054,painter
Kashif Ali Chishty,5,3,34.0309698,71.52043761,welder
KHIZER HAYAT,4,5,34.01859697,71.50492531,plumber
MALIK NADEEM KAMRAN,23,4,34.00919804,71.4929985,taillor
MOHAMMAD ARSHAD MALIK,5,4.5,34.00227464,71.48465752,electrition 
NAVEED ASLAM KHAN LODHI,3,1,33.99831964,71.47989401,genral worker
RANA RIAZ AHMAD,6,4.5,33.99634253,71.47810882,carpenter
RAI MUHAMMAD MURTAZA IQBAL,15,5,33.99831968,71.48048988,painter
MALIK NAUMAN AHMAD LANGRIAL,104,3,34.00425282,71.4888288,welder
SYED KHAWAR ALI SHAH,3,4.5,34.0131556,71.49836746,plumber
SYED HUSSAIN JAHANIAN GARDEZI,13,4,34.02255577,71.51148635,taillor
Hamid Yar Hiraj,7,2.5,34.03245497,71.52401978,electrition 
Nishat Ahmad Khan,14,3.5,34.03740569,71.53118584,genral worker
Syed Abbas Ali Shah,3,4.5,34.04136529,71.5365615,welder
Babar Hussain Abid,7,4.5,34.04235532,71.53895085,painter
Muhammad Faisal Khan Niazi,13,3,34.03740569,71.53118584,welder
ATTA UR REHMAN,28,2.5,34.03096978,71.52222872,plumber
SYED ALI HAIDER GILANI,28,3.5,34.02354493,71.51029262,taillor
Muhammad Saleem Akhtar,3,3.5,34.0156278,71.49597783,electrition 
Nawab Zada Waseem khan Badozai,13,3,34.00820654,71.48107477,genral worker
Muhammad Zaheer ud Din Khan Alizai,17,2,34.00672268,71.47809648,carpenter
JAVAID AKHTER,8,3,34.00177611,71.46856347,painter
MUHAMMAD NADEEM QURESHI,31,4,33.99831386,71.46260706,welder
MUHAMMAD SALMAN,52,4,33.99781967,71.46260784,plumber
Mazhar Abbas Raan,3,5,33.99979783,71.46558547,taillor
Muhammad Akhtar,77,4,34.00474375,71.47332929,electrition 
Mian Tariq Abdullah,22,3,34.011669,71.48643621,genral worker
Rana Ejaz Ahmad Noon,27,4,34.02156497,71.50373021,welder
Malik Ghulam Abbas,23,3.5,34.02898967,71.51804971,painter
Naghma Mushtaq,4,4,34.03641636,71.53476912,welder
Zawar Hussain Warraich,15,3.5,34.04186077,71.54970301,plumber
Peerzada Muhammad Jahangir Bhutta,32,4.5,34.04681002,71.56404496,taillor
Shah Muhammad,4,4,34.04878858,71.57181411,electrition 
Khan Muhammad Sidique Khan Baloch,9,4,34.05027245,71.5765956,genral worker
NAZIR AHMAD KHAN,26,4.5,34.05225095,71.58317118,carpenter
MUHAMMAD YOUSAF,14,4,34.05324047,71.58616077,painter
Khalid Mehmood,5,3,34.05472428,71.59034577,welder
Mian Irfan Aqueel Daultana,4,3.5,34.05670351,71.59273794,plumber
Muhammad Ejaz Hussain,5,4.5,34.05818759,71.5957279,taillor
Rai Zahoor Ahmad,13,3,34.05719722,71.59632482,electrition 
MUHAMMAD SAQIB KHURSHID,33,3,34.05472323,71.59333445,genral worker
Muhammad Ali Raza Khan Khakwani,15,3.5,34.04927946,71.58914708,welder
Muhammad Jahanzaib Khan Khichi,7,5,34.04433072,71.58376464,painter
Fida Hussain,7,1,34.03690625,71.57479233,welder
Shoukat Ali Laleka,23,3.5,34.0299787,71.56463106,plumber
Rana Abdur Rauf,7,3.5,34.0210709,71.55147949,taillor
Muhammad Jameel,11,3,34.01216789,71.53774661,electrition 
Kashif Mahmood,8,4,34.00376065,71.52521384,genral worker
Zahid Akram,8,4,33.99535671,71.51447794,carpenter
Chaudhry Mazhar Iqbal,3,2,33.99090786,71.50672712,painter
Muhammad Arshad,7,5,33.9849776,71.49838439,welder
Zaheer Iqbal,39,4.5,33.98053341,71.49004651,plumber
Samiullah Chaudhary,132,3.5,33.97707646,71.48409289,taillor
Muhammad Kazim Peerzada,4,1,33.97460522,71.4787325,electrition 
Muhammad Afzal Gill,47,4.5,33.97262937,71.47396952,genral worker
Ehsan ul Haque,46,5,33.97164173,71.47158874,welder
Muhammad Afzal,5,3.5,33.96917287,71.46682878,painter
Malik Khalid Mehmood Babar,12,3.5,33.96769176,71.46325905,welder
Mian Muhammad Shoaib Owaisi,24,2.5,33.96621072,71.45909459,plumber
SAHIB ZADA MUHAMMAD GAZAIN ABBASI,3,3.5,33.96571692,71.45611927,taillor
SYED IFTAKHAR HASSAN,4,4,33.96522388,71.45374042,electrition 
GHAZANFAR ALI KHAN,3,2.5,33.9657158,71.44957129,genral worker
MUHAMMAD AAMIR NAWAZ KHAN,26,3.5,33.96916851,71.44658445,carpenter
CHAUDHARY MASOOD AHMAD,48,3,33.97509033,71.44418647,painter
MIAN SHAFI MUHAMMAD,23,4,33.9824963,71.44119228,welder
MAKHDOOM HASHIM JAWAN BAKHT,3,3.5,33.99336432,71.4399825,plumber
MUHAMMAD ARSHAD JAVED,21,3,34.01214211,71.43995414,taillor
MAKHDUM HASHIM JAWAN BAKHT,7,3.5,34.02301584,71.43993237,electrition 
ASIF MAJEED,55,4,34.02795983,71.43991973,genral worker
Muhammad shafiq so muhammad siddique,3,2.5,34.03785292,71.44287605,welder
SYED USMAN MEHMOOD,36,4.5,34.04923646,71.44881447,painter
RAIS NABEEL AHMAD,185,3.5,34.05517919,71.45357472,welder
MUMTAZ ALI,12,5,34.05914205,71.45714759,plumber
Chaudhary Muhammad Shafiq Anwar,3,1.5,34.06657393,71.46489464,taillor
Malik Ghulam Qasim Hanjra,4,4,34.07103318,71.47026263,electrition 
Azhar Abbas,18,4,34.07747567,71.47981117,genral worker
Abdul Hayi Dasti,3,3.5,34.08044972,71.48518447,carpenter
Nawabzada Mansoor Ahmed Khan,6,5,34.08441512,71.49414312,painter
Makhdoom Zada Syed Basit Ahmad Sultan,12,3.5,34.08788462,71.50250639,welder
Muhammad Sabtain Raza,18,5,34.09036246,71.50848111,plumber
MUHAMMAD RAZA HUSSIAN BUKHARI,5,4,34.09283869,71.51266391,taillor
Abdul Qayyom Khan Jatoi,18,5,34.09481953,71.51624941,electrition 
Muhammad Aoon Hamid,3,3.5,34.09729546,71.5204328,genral worker
Mian Alamdar Abbas Qureshi,34,3.5,34.09878097,71.52282344,welder
Niaz Hussain Khan,563,3.5,34.1002662,71.52461653,painter
Muhammad Ashraf Khan Rind,4,5,34.10224661,71.52880076,welder
Malik Ahmad Ali Aulakh,25,4.5,34.10373182,71.53178956,plumber
Shahab ud din Khan,6,3,34.10521693,71.53418074,taillor
Muhammad Tahir,13,2.5,34.10620702,71.53657194,electrition 
Ijaz Ahmad Son of Maher Bahadar,12,3,34.10719816,71.53896323,genral worker
Syed Rafaqat Ali Gillani,6,5,34.10967642,71.5419533,carpenter
Khawaja Muhammad Daud Sulemani,14,4.5,34.11215357,71.5443458,painter
Usman Ahmad Khan Buzdar,6,4.5,34.11512574,71.54554273,welder
Javeed Akhtar,3,5,34.11661185,71.54554333,plumber
Mohsin Atta Khan Khosa,14,3.5,34.11760228,71.54255389,taillor
Muhammad Hanif,3,5,34.11859105,71.53956425,electrition 
Sardar Ahmad Ali Khan Dareshak,6,4.5,34.12007377,71.5347809,genral worker
Sardar Muhammad Mohiudin Khan Khosa,6,3,34.12106088,71.52999758,welder
Sardar Muhammad Khan Leghari,5,5,34.12353125,71.522225,painter
MUHAMMAD MOHSIN LEGHARI,865,3.5,34.12452015,71.51923552,welder
Sardar Farooq Amanullah Dreshak,11,3,34.1260036,71.51325644,plumber
Muhammad Tariq Dreshak,3,3.5,34.12748732,71.50847301,taillor
SARDAR DOST MUHAMMAD MAZARI,4,5,34.12847552,71.50368967,electrition 
Chaudhry Muhammad Adnan,22,4.5,34.12847274,71.49771095,genral worker
Moulana Abdul Akbar Chitrali,72,2.5,34.12847182,71.49352562,carpenter
Haider Ali Khan,7,2.5,34.1284697,71.48575287,painter
Saleem Rehman,5,2,34.12648305,71.47678711,welder
Murad Saeed,6,4,34.12400275,71.47021371,plumber
Sahibzada Sibghatullah,12,4,34.12301046,71.46782379,taillor
Mehboob Shah,23,3.5,34.12052999,71.46184931,electrition 
Muhammad Bashir Khan,3,1,34.11805115,71.45766826,genral worker
Junaid Akbar,7,5,34.11656343,71.45468191,welder
Sher Akbar Khan,3,5,34.11408506,71.45169709,painter
Ibadullah Khan,14,2,34.11160597,71.44811523,welder
Afreen Khan,25,5,34.10912692,71.44453377,plumber
Muhammad Nawaz Khan,3,1,34.1076392,71.44214618,taillor
Saleh Muhammad,15,4,34.10516019,71.4385654,electrition 
Muhammad Sajjad,8,2.5,34.10169154,71.43498618,genral worker
Murtaza Javed Abbasi,196,4.5,34.0997069,71.43200419,carpenter
Ali Khan Jadoon,7,3.5,34.09474861,71.42664043,painter
Omar Ayub Khan,17,4.5,34.09028657,71.42187424,welder
Asad Qaiser,15,3,34.08532619,71.41651829,plumber
Usman Khan,10,4,34.08185576,71.41354569,taillor
ALI ZAHID,46,2,34.07937771,71.41176368,electrition 
Mujahid Ali,8,3.5,34.07640382,71.40938736,genral worker
Amir Haider Azam Khan,7,2.5,34.07343214,71.40820419,welder
Ali Muhammad,10,3.5,34.07095488,71.40642322,painter
Anwar Taj,6,2,34.06847953,71.4058352,welder
Fazal Muhammad Khan,3,4,34.06451993,71.40525232,plumber
Pervez Khattak,4,4,34.06056087,71.40466957,taillor
IMRAN KHATTAK,3,5,34.0556144,71.40468458,electrition 
NOOR ALAM KHAN,16,4,34.0501735,71.40470302,genral worker
ARBAB AMIR AYUB,6,3.5,34.0462171,71.40471644,carpenter
NASIR KHAN,6,5,34.04176675,71.4047316,painter
SHER ALI ARBAB,3,5,34.03830567,71.40474412,welder
Shaukat Ali S o Liaqat Ali,4,4,34.03533933,71.40475491,plumber
SHEHRYAR AFRIDI,3,1.5,34.03187901,71.40476795,taillor
Khial Zaman,4,4,34.02891336,71.40477914,electrition 
Shahid Ahmad,6,3.5,34.02199796,71.4077819,genral worker
Imran Ahmed Khan Niazi,41,2.5,34.01854162,71.41017583,welder
Muhammad Anwar,7,2.5,34.01459308,71.41435525,painter
Asad Mehmood,3,2.5,34.00916322,71.41972169,welder
Ali Amin Khan,5,2,34.00620238,71.42448733,plumber
Muhammad Yaqoob Sheikh,5,1,34.00027814,71.43223376,taillor
Gul Dad Khan,3,2.5,33.99682258,71.43878679,electrition 
Gul Zafar Khan,8,2.5,33.99336575,71.44414967,genral worker
Sajid Khan,3,3,33.9913905,71.44832011,carpenter
Noor ul Haq Alqadri,9,3,33.98941529,71.45308698,painter
Mohammad Iqbal Khan,20,4,33.9879356,71.45785775,welder
Munir Khan Orakzai,7,4.5,33.98694976,71.4626273,plumber
Sajid Hussain Turi,5,5,33.98596476,71.47037636,taillor
Jawad Hussain,147,2.5,33.98547254,71.47931511,electrition 
Mohsin Javed,33,3,33.98547306,71.49123297,genral worker
Muhammad Jamal ud Din,7,5,33.98547219,71.49719232,welder
Muhammad Ali,149,4.5,33.98547153,71.50494122,painter
Abdul Shakoor,9,2.5,33.9874468,71.51984658,welder
Raja Khurram shahzad nawaz,3,5,33.99288279,71.53833537,plumber
IMRAN AHMED KHAN NIAZI,427,4,33.99535173,71.54728523,taillor
ASAD UMER,4,2,34.00028916,71.56400138,electrition 
TAHIR SADIQ,31,2.5,34.00671233,71.58072517,genral worker
Tahir Sadiq,7,3.5,34.01066549,71.59028711,carpenter
SADAQAT ALI KHAN,3,4,34.0185749,71.60583176,painter
RAJA PERVAIZ ASHRAF,77,5,34.02500308,71.61599758,welder
GHULAM SARWAR KHAN,17,3.5,34.03192781,71.62437382,plumber
Aamir Mehmood Kiani,19,4,34.03885419,71.63155843,taillor
SHEIKH RASHID AHMED,12,4,34.04726702,71.63994875,electrition 
GHULAM SARWAR KHAN,3,3,34.05666966,71.64833772,genral worker
ZULFIQAR ALI KHAN,72,2.5,34.06755878,71.65673267,welder
Parvez Elahi,9,3.5,34.07845182,71.66513621,painter
CHAUDHARY FARRUKH ALTAF,75,4.5,34.08934611,71.67234415,welder
FAWAD AHMED,6,1.5,34.10172556,71.68135211,plumber
HUSSAIN ELAHI,34,3.5,34.1076682,71.68615712,taillor
Parvez Elahi,12,2.5,34.11608814,71.69216744,electrition 
Syed Faiz ul Hassan,8,2.5,34.1205462,71.69517398,genral worker
CHAUDHRY ABID RAZA,3,2,34.12550014,71.6975826,carpenter
CHAUDHRY ARMGHAN SUBHANI,11,3,34.12847213,71.69938712,painter
KHAWAJA MUHAMMAD ASIF,16,4,34.13193983,71.70119302,welder
SYED IFTIKHAR UL HASSAN,8,3,34.13441688,71.70239748,plumber
RANA SHAMIM AHMED KHAN,85,3,34.01932533,71.5762735,taillor
Mehnaz Akber Aziz,5,4,34.1319407,71.69999465,electrition 
Ahsan Iqbal Chaudhary,10,4.5,34.12897005,71.69639269,genral worker
NISAR AHMED CHEEMA,17,4,34.1205489,71.69098019,welder
CH MEHMOOD BASHIR VIRK,4,2,34.10965325,71.68137026,painter
KHURRAM DASTGIR KHAN,3,3.5,34.09281551,71.6681584,welder
Usman Ibrahim S O Muhammad Ibrahim,47,4.5,34.07647624,71.65315889,plumber
ZULIFIQAR AHMAD,31,3.5,34.06212523,71.63878059,taillor
Azhar Qayyum Nahra,14,3.5,34.05024741,71.62620127,electrition 
Haji Imtiaz Ahmed Choudhary,4,4,34.0438137,71.62021141,genral worker
NASIR IQBAL BOSAL,75,3.5,34.03688631,71.61302727,carpenter
CH SHOUKAT ALI BHATTI,47,5,34.03342384,71.60824152,painter
MUKHTAR AHMAD MALIK,43,5,34.03144502,71.60584843,welder
MOHSIN NAWAZ RANJHA,3,2.5,34.02897153,71.60285739,plumber
CH MUHAMMAD HAMID HAMEED,21,2.5,34.02748793,71.59986782,taillor
ZULFIQAR ALI BHATTI,4,5,34.02600455,71.59687882,electrition 
SYED JAVED HUSNAIN,5,4.5,34.02501589,71.59448805,genral worker
UMAR ASLAM KHAN,30,3.5,34.0235328,71.59090214,welder
MALIK MUHAMMAD EHSAN ULLAH TIWANA,15,3,34.02402865,71.58911071,painter
IMRAN AHMED KHAN NIAZI,5,3,34.02501796,71.59030654,welder
AMJID ALI KHAN,44,2,34.02749109,71.59389373,plumber
MUHAMMAD SANA ULLAH KHAN MASTI KHEL,7,4.5,34.02947079,71.59449357,taillor
Muhammad Afzal Khan,18,5,34.03194461,71.59688648,electrition 
GHULAM MUHAMMAD,73,5,34.03491267,71.60107278,genral worker
QAISER AHMED SHEIKH,3,1,34.03788157,71.60406528,carpenter
MUHAMMAD ASIM NAZIR,4,3,34.03986073,71.60645879,painter
NAWAB SHER,7,3.5,34.04183974,71.60945017,welder
CH MUHAMMAD SHAHBAZ BABAR,4,4,34.04381893,71.61184403,plumber
RAZA NASRULLAH,6,2.5,34.04530301,71.61423726,taillor
RANA SANA ULLAH KHAN,11,4,34.04728192,71.61722927,electrition 
Khurram Shahzad,15,2.5,34.0487664,71.61902515,genral worker
FARRUKH HABIB,13,3.5,34.05025054,71.62141896,welder
FAIZ ULLAH,6,3,34.05222955,71.62441171,painter
Raja Riaz Ahmad,20,4,34.054209,71.62680693,welder
CHAUDHARY KHALID JAVED,96,4,34.0576734,71.63099908,plumber
MUHAMMAD JUNAID ANWAR CHAUDHRY,15,5,34.06014759,71.63399317,taillor
MUHAMMAD RIAZ KHAN,12,3.5,34.06361239,71.63698948,electrition 
SAHIBZADA MUHAMMAD MEHBOOB SULTAN,7,4.5,34.06559186,71.63938527,genral worker
GHULAM BIBI,4,5,34.06856125,71.64238139,carpenter
Muhammad ameer sultan,22,4,34.07103498,71.64537526,painter
CH MUHAMMAD BARJEES TAHIR,38,3.5,34.07251867,71.64776966,welder
IJAZ AHMAD SHAH,4,2,34.0754882,71.6501669,plumber
RAHAT AMAN ULLAH BHATTI,7,2,34.07796212,71.6531617,taillor
RANA TANVEER HUSSAIN,11,2,34.07845698,71.65435952,electrition 
JAVED LATIF,19,3.5,34.08043752,71.65615961,genral worker
SARDAR MUHAMMAD ARFAN DOGAR,3,4,34.08142706,71.65855619,welder
MUHAMMAD RIAZ,8,3,34.08390226,71.66155439,painter
MUHAMMAD HAMZA SHEHBAZ SHARIF,7,3.5,34.083902,71.66215314,welder
WAHEED ALAM KHAN,8,3,34.08142732,71.65795743,plumber
MUHAMMAD HAMMAD AZHAR,4,4,34.0794477,71.65436166,taillor
Ali Pervaiz,23,3,34.07647931,71.64957073,electrition 
SH ROHALE ASGHAR,27,4,34.07400715,71.64478254,genral worker
SARDAR AYAZ SADIQ,5,2,34.07104072,71.63879774,carpenter
Shafqat Mahmood,9,3,34.06906273,71.63400962,painter
IMRAN AHMED KHAN NIAZI,3,1,34.06856943,71.6310186,welder
MIAN MUHAMMAD SHEHBAZ SHARIF,4,3,34.06758204,71.62563496,plumber
MOHAMMAD PERVAIZ MALIK,28,4,34.06807874,71.62324393,taillor
RANA MUBASHIR IQBAL,34,4,34.06857475,71.6220488,electrition 
MALIK KARAMAT ALI,5,4.5,34.06956639,71.62025646,genral worker
MUHAMMAD AFZAL,140,4,34.0710527,71.61846407,welder
SAAD WASEEM,6,3,34.0725392,71.61607346,painter
RASHEED AHMAD KHAN,44,3,34.07452079,71.61368349,welder
RANA MUHAMMAD ISHAQ KHAN,11,1.5,34.07600713,71.61129284,plumber
SARDAR TALIB HASSAN NAKAI,10,5,34.07897906,71.60830591,taillor
NADEEM ABBAS,15,3.5,34.08195086,71.60651496,electrition 
RIAZ UL HAQ,15,3.5,34.0829416,71.60531997,genral worker
RAO MUHAMMAD AJMAL KHAN,4,3,34.08492317,71.60233187,carpenter
MUHAMMAD MUEEN WATTOO,60,4,34.0869043,71.6005398,painter
AHMAD RAZA MANEKA,57,5,34.08938056,71.59874813,welder
rana iradat sharif khan,9,2,34.0928474,71.59576121,plumber
SYED IMRAN AHMAD SHAH,21,3.5,34.09680932,71.59217648,taillor
Chaudry Muhammad Ashraf,5,5,34.10126626,71.58799389,electrition 
RAI MUHAMMAD MURTAZA IQBAL,96,4.5,34.10572398,71.58321364,genral worker
SYED FAKHAR IMAM,20,4,34.10770549,71.57962701,welder
MUHAMMAD KHAN DAHA,13,4.5,34.1096868,71.5766383,painter
ZAHOOR HUSSAIN QURESHI,4,5,34.1106773,71.57305052,welder
CHAUDHRY IFTIKHAR NAZIR,3,1.5,34.11166627,71.56766814,plumber
AHMAD HUSSAIN,51,4,34.11215982,71.56348166,taillor
MALIK MUHAMMAD AMIR DOGER,8,4,34.11265313,71.5604913,electrition 
MAKHDOOM SHAH MAHMOOD HUSSAIN QURESHI,16,4,34.11314558,71.55630493,genral worker
MAKHDOOM ZAIN HUSSAIN QURESHI,5,5,34.11463103,71.55690356,carpenter
MUHAMMAD IBRAHIM KHAN,3,3.5,34.11463403,71.56168838,painter
RANA MUHAMMAD QASIM NOON,4,5,34.11463635,71.56647342,welder
ABDUL REHMAN KHAN KANJU,6,5,34.11414304,71.57365069,plumber
MIAN MUHAMMAD SHAFIQ,3,2.5,34.11067693,71.57962947,taillor
Choudhary Faqir Ahmad,293,3,34.10820027,71.58261771,electrition 
Sajid Mehdi,47,2.5,34.1022567,71.58799476,genral worker
TAHIR IQBAL,48,2.5,34.0973046,71.59038275,welder
Aurangzeb Khan Khichi,3,4,34.09185753,71.59277008,painter
MUHAMMAD ABDUL GHAFAR WATTOO,12,1,34.08492482,71.59575369,welder
Alam Dad Laleka,8,3.5,34.08096335,71.59694587,plumber
EHSAN UL HAQ BAJWA,46,3.5,34.07204985,71.59932884,taillor
NOOR UL HASSAN TANVIR,5,1,34.06511752,71.60051746,electrition 
MUHAMMAD FAROOQ AZAM MALIK,18,3,34.05471905,71.60349651,genral worker
MIAN RIAZ HUSSAIN PIRZADA,5,1.5,34.04530773,71.60586993,carpenter
Chaudhary Tariq Bashir Cheema,14,2.5,34.03540405,71.60764634,painter
MIAN NAJEEB UD DIN AWAISI,207,4.5,34.02698757,71.60942801,welder
MAKHDOOM SYED SAMI UL HASSAN GILLANI,11,4.5,34.01906669,71.61061211,plumber
Syed Mobeen Ahmed,65,4,34.01263184,71.61060273,taillor
SHEIKH FAYYAZ UD DIN,8,4.5,34.0042185,71.61058673,electrition 
Makhdoom Khusro Bukhtyar,3,2.5,34.00124945,71.61058111,genral worker
SYED MUSTAFA MAHMUD,97,4,33.99729188,71.6093793,welder
JAVED IQBAL SO CHAUDHRY BASHIR AHMED,9,3,33.99036949,71.6039933,painter
SYED MURTAZA MAHMUD,7,4,33.98690873,71.60100273,welder
Muhammad Shabbir Ali,4,5,33.98147098,71.59621893,plumber
MAHAR IRSHAD AHMAD KHAN,4,5,33.97702252,71.59203461,taillor
RAZA RABANI KHAR,4,1.5,33.97306856,71.58844863,electrition 
Nawabzada Iftakhar Ahmed Khan Babar,71,4.5,33.969609,71.58605675,genral worker
Makhdom Zada Sayed Basit Ahmad Sultan,27,3.5,33.96861944,71.58665308,carpenter
AAMIR TALAL KHAN,5,3,33.96862234,71.58366811,painter
Abdul Majeed Khan,4,3,33.96862607,71.58008679,welder
NIAZ AHMED,11,1,33.96863326,71.57292511,plumber
Khawja Sheraz Mehmood,3,4.5,33.96863779,71.56815141,taillor
MUHAMMAD AMJAD FAROOQ KHAN KHOSA,8,2,33.96814845,71.56278111,electrition 
ZARTAJ GUL,3,4,33.96666965,71.55741159,genral worker
Sirdar Muhammad Khan Laghari,93,2,33.96667052,71.5562187,welder
SARDAR MUHAMMAD JAFFAR KHAN LEGHARI,52,3,33.96864588,71.55860595,painter
SARDAR NASRULLAH KHAN DRESHAK,5,3,33.97111518,71.56218687,welder
SARDAR RIAZ MEHMOOD KHAN MAZARI,90,3,33.97309067,71.56517118,plumber
Muhammad Mian Soomro,9,3.5,33.97555951,71.56875395,taillor
Ehsan ur Rehman Mazari,9,5,33.97605402,71.56875431,electrition 
Abid Hussain Bhayo,10,5,33.97605701,71.56577,genral worker
Ghous Bux Khan Mahar,8,3.5,33.97605942,71.56278658,carpenter
Bilawal bhutto Zardari,51,4.5,33.97457884,71.55860958,painter
Khursheed Ahmed Junejo,3,5,33.97457925,71.55801304,welder
Aftab Shahban Mirani,19,2.5,33.97705036,71.55980415,plumber
Mir Amer Ali Khan Magsi,4,5,33.98495268,71.57234294,taillor
Khalid Ahmed Khan Lund,303,3.5,33.98643493,71.57413536,electrition 
Ali Muhammad Khan Mahar,4,2,33.98791567,71.57771954,genral worker
Syed Khursheed Ahmed Shah,10,4,33.9913753,71.58130619,welder
NAUMAN ISLAM SHAIKH,4,4,33.98989383,71.57831852,painter
Nafisa Shah,29,4,33.98643649,71.57234408,welder
PIR SYED FAZAL ALI SHAH JILLANI,5,4,33.98149846,71.56338667,plumber
Syed Javed Ali Shah Jillani,95,3.5,33.97606451,71.55503114,taillor
Syed Abrar Ali Shah,18,3,33.96964358,71.54488904,electrition 
Zulfiqar Ali Behan,4,3,33.96224134,71.53296174,genral worker
Asif Ali Zardari,10,5,33.95681614,71.5228299,carpenter
Syed Ghulam Mustafa Shah,7,5,33.95385842,71.51627693,painter
Naveed Dero,34,4,33.9513948,71.50972587,welder
Shazia Jant Marri,3,1.5,33.95041109,71.50496238,plumber
Roshanuddin Junejo,347,4,33.9528786,71.50436503,taillor
Ali Nawaz Shah,8,4,33.95386652,71.5019823,electrition 
Mir Munwar Ali Talpur,40,4.5,33.95386692,71.50079122,genral worker
Nawab Muhammad Yousuf Talpur,10,1.5,33.95386859,71.49781404,welder
Pir Noor Muhammad Shah Jeelani,9,5,33.95387097,71.49483721,painter
Mahesh Kumar Malani,22,4,33.95387235,71.48888295,welder
Makhdoom Fazal Hussain Qureshi,100,3,33.9558468,71.48769015,plumber
Zulfiqar Bachani,84,4,33.95880827,71.48828257,taillor
Syed Hussain Tariq,6,5,33.96078244,71.49066265,electrition 
Sabir Hussain,4,3,33.96324815,71.49423279,genral worker
Salahuddin son of Shaikh Rahimuddin,5,5,33.96472656,71.49720859,carpenter
Syed Naveed Qamar,36,3.5,33.96226056,71.4948292,painter
Mir Ghulam Ali Talpur,108,4,33.96028868,71.49125862,welder
Fehmida Mirza,6,4.5,33.95683396,71.48768912,plumber
Syed Ayaz Ali Shah Serazi,3,3,33.95634048,71.48709421,taillor
Shams un Nisa,31,5,33.96078224,71.49185372,electrition 
Sikandar Ali Rahoupoto,457,4,33.96620749,71.49720721,genral worker
Irfan Ali Leghari,78,3.5,33.97064984,71.50137357,welder
Rafique Ahmed Jamali,8,5,33.97361333,71.50435149,painter
JAM ABDUL KARIM BIJAR,7,4.5,33.97558933,71.50554248,welder
Jamil Ahmed Khan,6,4.5,33.97460173,71.5013711,plumber
Syed Rafiullah,3,5,33.97361385,71.50017985,taillor
MUHAMMAD AKRAM,122,3.5,33.97460144,71.50375497,electrition 
Iqbal Muhammad Ali Khan,3,4.5,33.97756488,71.50971383,genral worker
Faheem Khan,4,3,33.98102236,71.51686635,carpenter
Saif Ur Rehman,9,4,33.98349231,71.5216359,painter
Imran Ahmed Khan Niazi,3,4.5,33.98695194,71.52700269,welder
Syed Ali Haider Zaidi,184,3,33.98892877,71.53177385,plumber
Aamir Hussain,84,3.5,33.99090571,71.5353527,taillor
Abdul Shakoor Shad,24,4,33.99337697,71.53952845,electrition 
ARIF UR REHMAN ALVI,84,2.5,33.9948597,71.54251138,genral worker
Abdul Qadir Patel,13,3.5,33.99584665,71.54609196,welder
Muhammad Faisal Vawda,3,3.5,33.99683419,71.54907647,painter
Attaullah,34,3,33.99683274,71.55265696,welder
SYED AMIN UL HAQUE,4,2.5,33.99683069,71.55743131,plumber
Aftab Jehangir,115,3.5,33.99534713,71.55802648,taillor
Usama Qadri,21,3.5,33.99238082,71.55802318,electrition 
Muhammad Aslam Khan,4,3,33.98793223,71.55444033,genral worker
Khalid Maqbool Siddiqui,3,3,33.98298993,71.54966541,carpenter
Muhammad Najeeb Haroon,4,4,33.98002552,71.54548882,painter
Abdul Wasay,4,1,33.97607402,71.53833103,welder
Muhammad Israr Tareen,3,4,33.9740981,71.53534915,plumber
Nawabzada Shahzain Bugtti,8,4.5,33.97854615,71.53773522,taillor
Khalid Hussain Magsi,14,3,33.98200546,71.54071791,electrition 
Mir Khan Muhammad Jamali,4,2.5,33.98645319,71.54549095,genral worker
Kamal Uddin,56,3,33.98694765,71.54549112,welder
Salahuddin,8,2,33.98694873,71.54310506,painter
Asmatullah,3,5,33.98447903,71.53714005,welder
Qasim Khan Soori,3,5,33.98299729,71.53296546,plumber
Agha Hassan Baloch,6,2,33.98102073,71.52938745,taillor
Syed Mehmood Shah,5,2.5,33.97855017,71.52282873,electrition 
Muhammad Hashim,19,4.5,33.97608041,71.51805959,genral worker
Muhammad Akhtar Mengal,7,5,33.97459856,71.51627154,carpenter
Ehsanullah Reki,3,3.5,33.97163511,71.51269601,painter
Zubaida Jalal,3,2.5,33.9686726,71.50852545,welder
Mohammad Aslam Bhootani,6,4,33.96571132,71.5043563,plumber
Muhammad Aslam Abro,77,2,33.96176327,71.5001891,taillor
Sohrab Khan Sarki,26,2.5,33.95979074,71.49721321,electrition 
Mir Mumtaz Hussain Khan,43,2.5,33.95781841,71.49542903,genral worker
Abdul Rauf Khoso,3,4,33.95683276,71.49364376,welder
Sardar Ghulam Abid,3,5,33.95634004,71.48947594,painter
Imtiaz Ahmed Shaikh,19,2.5,33.95634069,71.48590337,welder
Muhammad Shahryar Khan Mahar,57,3,33.95880899,71.48351897,plumber
Agha Siraj Khan Durrani,4,3.5,33.95979584,71.48232664,taillor
Faryal Talpur,10,1.5,33.96127527,71.47875073,electrition 
Moazzam Ali Khan,10,4,33.96324901,71.47398347,genral worker
Sohail Anwar,6,2.5,33.9642363,71.46921857,carpenter
Hizbullah Bughio,17,2,33.96522353,71.4590965,painter
Mir Nadir Ali Magsi,57,4,33.96571528,71.44838039,welder
Ghanwer Ali Khan Isran,6,3,33.96571057,71.43885347,plumber
Sardar Khan Chandio,4,3,33.96620136,71.43408866,taillor
Burhan Chandio,6,3.5,33.96817501,71.42754094,electrition 
Shahar Yar Khan Shar,7,4.5,33.9691629,71.42694532,genral worker
Abdul Bari Pitafi,8,3,33.97311277,71.42693734,welder
Ali Gohar Khan Mahar,7,4.5,33.97508717,71.42990441,painter
Ali Nawaz Khan Mahar,7,4,33.97656854,71.42990135,welder
Ikramullah Khan,108,3.5,33.9785441,71.42752004,plumber
Syed Awais Qadir Shah,102,4.5,33.98051936,71.42632731,taillor
Syed Farukh Ahmed Shah,83,2.5,33.98446984,71.42513021,electrition 
Nasir Hussain Shah Rizvi,38,4,33.98940811,71.42452471,genral worker
Syed Qaim Ali Shah,4,5,33.99484069,71.42451153,carpenter
Munwar Ali Wassan,7,4.5,33.99977967,71.42390444,painter
Sajid Ali Banbhan,4,3,34.00422502,71.42270569,welder
Muhammad Rafique Banbhan,53,4,34.00521104,71.41972892,plumber
Pir syed fazal ali shah jillani,7,3,34.00520915,71.41675664,taillor
Naeem Ahmed Kharal,9,4,34.00421789,71.4114106,electrition 
Nawab Ali Wassan,646,3.5,34.00224074,71.40844712,genral worker
SYED SARFRAZ HUSSAIN SHAH,54,4.5,34.00322727,71.40666302,welder
Syed Murad Ali Shah,4,4,34.00619048,71.40724792,painter
Mumtaz Ali,8,4.5,34.00816673,71.40842966,welder
Arif Mustafa Jatoi,3,1,34.00866108,71.40902208,plumber
Azra Fazal Pechuho,49,2.5,34.00569707,71.40784315,taillor
Tariq Masood Arain,200,4,34.00125185,71.40607527,electrition 
Ghulam Qadir Chandio,41,3,33.99730152,71.40489998,genral worker
Khan Muhammad Dahri,8,3,33.99433958,71.40490898,carpenter
Ali Ghulam,50,3,33.99236505,71.40491497,painter
Qazi Shams Din,33,3.5,33.9913782,71.4061049,welder
Jam Madad Ali Khan,10,4.5,33.98891048,71.40729939,plumber
Faraz,6,4,33.98446806,71.40849809,taillor
Shahid Thahim,3,2.5,33.97854514,71.40851361,electrition 
Waryam Faqir,4,4,33.97459698,71.40852395,genral worker
Hari Ram,10,3.5,33.97064997,71.40675513,welder
Syed Zulfiqar Ali Shah,5,2.5,33.96719789,71.40261273,painter
Noor Ahmed Bhurgri,23,3,33.96769227,71.40083324,welder
Tariq Ali,13,4.5,33.97163973,71.39963771,plumber
Syed Sardar Ali Shah,342,4,33.97706681,71.39902959,taillor
Syed Ali Mardan Shah,16,2.5,33.98397406,71.39841512,electrition 
Muhammad Taimur Talpur,3,5,33.99137583,71.39839111,genral worker
Abdul Razzaque,13,4,33.99680451,71.39778042,carpenter
Muhammad Qasim,11,3,34.00174036,71.39776281,painter
Faqeer Sher Muhammad Bilalani,3,2.5,34.00618302,71.39774309,welder
Arbab Lutufullah,8,3,34.00865153,71.39773214,plumber
Makhdoom Mehboob Zaman,27,3.5,34.012108,71.3977168,taillor
Makhdoom Rafik Zaman,14,4.5,34.01408337,71.39770777,electrition 
Syed Zia Abbas Shah,39,4.5,34.01605827,71.39710334,genral worker
Imdad Ali Pitafi,3,2,34.01803338,71.39649883,welder
Jam Khan Shoro,19,4,34.02000728,71.39470535,painter
Sherjeel Inam,4,3,34.02198196,71.39350615,welder
Abdul Jabbar,3,2,34.02346193,71.39171498,plumber
Nadeem Ahmed Siddiqui,4,4,34.02543601,71.38992106,taillor
Muhammad Rashid Khilji,13,2,34.02741023,71.38812583,electrition 
Nasir Hussain Qureshi,53,3,34.02938541,71.3869247,genral worker
Syed Aijaz Hussain Shah,3,2.5,34.03185271,71.38393442,carpenter
Abdul Karim Soomro,60,4,34.03234386,71.38154986,painter
BASHIR AHMED,11,3.5,34.03234069,71.37916884,welder
Mir Allah Bux Talpur,8,3.5,34.03382263,71.37856513,plumber
HASNAIN ALI MIRZA,62,3,34.03728283,71.37854535,taillor
TAJ MUHAMMAD,3,4.5,34.04122295,71.37860825,electrition 
Muhammad Ismail Rahoo,42,3,34.04610066,71.3788861,genral worker
Syed Shah Hussain Shah Sheerazi,35,4.5,34.05062876,71.37969535,welder
MUHAMMAD ALI MALKANI,35,3.5,34.0535969,71.38087574,painter
RIAZ HUSSAIN SHAH SHEERAZI,9,4,34.05804921,71.38204935,welder
ALI HASSAN,91,5,34.06399133,71.38320222,plumber
JAM AWAIS BIJAR KHAN JOKHIO,3,1,34.06349223,71.38082239,taillor
MURAD ALI SHAH,32,3,34.06646151,71.3814059,electrition 
Giyanoo Mal,7,5,34.06893867,71.38318258,genral worker
Malik Asad Sikander,13,4.5,34.07190976,71.38436203,carpenter
Abdul Aziz Junejo,19,4,34.07438756,71.38613935,painter
Fayaz Ali Butt,13,3.5,34.07835049,71.38791129,welder
PIR MUJEEB UL HAQ,41,3.5,34.08132146,71.38909422,plumber
Syed Ghullam Shah Jilani,3,3,34.08379788,71.39027918,taillor
Ghulam Murtaza Baloch,5,2,34.08726499,71.39205806,electrition 
Muhammad Saleem,4,3,34.0902363,71.39324256,genral worker
Abdul Razak Raja,93,4,34.09419745,71.39442482,welder
MAHMOOD ALAM JAMOT,56,5,34.09865243,71.39501004,painter
Shafiq Ahmed,16,4,34.09915148,71.39679709,welder
Muhammad Wajahat,15,3.5,34.09767099,71.39858893,plumber
Muhammad Javed Hanif Khan,6,5,34.09668666,71.40097578,taillor
Ghulam Jellani,135,4,34.09570226,71.40336271,electrition 
Raja Azhar Khan,3,3,34.09472068,71.40813797,genral worker
Adeel Ahmed,55,5,34.0942333,71.41291318,carpenter
Haleem Adil Sheikh,4,3.5,34.09325102,71.4176893,painter
Karim Bux Gabol,3,4.5,34.09276516,71.42425653,welder
Syed Firdous Shamim Naqvi,35,2.5,34.09079451,71.43202207,plumber
Arsalan Taj Hussain,5,4,34.08832418,71.43560822,taillor
Bilal Ahmed,3,5,34.08486216,71.43800205,electrition 
Saeed Ghani,64,4,34.0789249,71.44040036,genral worker
Muhammad Ali Aziz,3,5,34.07149908,71.4404156,welder
Jamal Uddin Siddqui,36,2,34.06654929,71.44042576,painter
Muhammad Younus Soomro father Ismail,31,3.5,34.05566122,71.44044957,welder
Syed Abdul Rasheed,12,2,34.04972157,71.43867418,plumber
Ramzan,5,2,34.0442784,71.43749449,taillor
Khurram Sher Zaman,8,4,34.03933148,71.43691023,electrition 
IMRAN ISMAIL,3,1,34.03587051,71.4381111,genral worker
LIAQUAT ALI ASKANI,25,4,34.03587606,71.44466927,carpenter
SHAH NAWAZ JADOON,38,4,34.03588351,71.45420966,painter
MUHAMMAD SHABBIR,453,4.5,34.03984826,71.46314591,welder
MUHAMMAD QASIM,22,4,34.04530002,71.47566572,plumber
Malik Shehzad Awan,8,4,34.04678659,71.47924499,taillor
SADAQAT HUSSAIN,11,4,34.04876919,71.48521181,electrition 
ADEEL SHAHZAD,15,2,34.05025565,71.48879211,genral worker
ALI KHURSHIDI,3,1,34.05025774,71.49356799,welder
SAEED AHMED,82,3.5,34.05025796,71.49416502,painter
Basit Ahmed Siddiqui,3,3.5,34.04778333,71.49416688,welder
Rabistan Khan,105,4,34.04382423,71.49416989,plumber
WaseemudDin Qureshi,14,3.5,34.03986535,71.49357602,taillor
Khawaja Izhar ul Hassan,4,5,34.03491692,71.49119241,electrition 
Syed Muhammad Abbas Jafri,8,3,34.03293828,71.49119342,genral worker
Omar Omari,213,4.5,34.03293907,71.49358057,carpenter
Kanwar Naveed Jamil,7,3.5,34.03838516,71.50372273,painter
Muhammad Abbas Jafferi,166,3.5,34.04234667,71.50849577,welder
SYED IMRAM ALI SHAH,18,2.5,34.04878495,71.51506112,plumber
Muhammad Riaz Haider,3,3,34.05373814,71.51924066,taillor
hamid uzafar,17,2,34.0577002,71.52103232,electrition 
Hidayat ur Rehman,6,5,34.06116474,71.52162958,genral worker
Sharafat Ali,3,4.5,34.06413423,71.52162948,welder
Haider Ali Khan,296,3.5,34.06660678,71.51864234,painter
Aziz Ullah Khan,4,4,34.06858349,71.51505801,welder
Fazal Hakim Khan Yousafzai,59,4.5,34.07155003,71.51027878,plumber
Amjad Ali,10,5,34.07501352,71.50370614,taillor
Amjad Ali,20,5,34.07649771,71.50071843,electrition 
Mohibullah Khan,7,4.5,34.07897177,71.49713268,genral worker
Mahmood Khan,3,5,34.0814445,71.49294972,carpenter
Malak Badshah Saleh,4,3,34.08193765,71.48996251,painter
Sahib Zada Sana Ullah,3,1.5,34.08193539,71.4863783,welder
Inayat Ullah,45,3.5,34.08193216,71.48159955,plumber
Muhammad Azam Khan,7,1.5,34.08192918,71.47741829,taillor
Hamayun Khan,5,3,34.07994529,71.47084928,electrition 
Shafi Ullah,24,4.5,34.07746693,71.46667123,genral worker
bahadar khan,248,4.5,34.07548322,71.46189599,welder
Liaqat Ali Khan,6,3.5,34.07300338,71.45712331,painter
Shakil Ahmad,107,4,34.07250767,71.45652718,welder
Musavir Khan,26,3.5,34.07498343,71.45652281,plumber
Riaz Khan,4,3,34.07993781,71.46009808,taillor
Syed Fakhr e Jehan,3,3.5,34.08835719,71.46546457,electrition 
Sardar Hussain,25,3.5,34.09727033,71.47143161,genral worker
Shaukat Ali,27,3,34.10568881,71.47740093,carpenter
Faisal Zeb,53,4,34.11212794,71.48038375,painter
Muhammad Didar,236,2.5,34.11262359,71.480981,welder
Afsar,148,4,34.1086625,71.48098394,plumber
Mufti Ubaid Ur Rahman,43,4,34.10222316,71.47740371,taillor
Zubair Khan,101,4,34.09380518,71.47083689,electrition 
Taj Muhammad,18,3,34.08390052,71.46367736,genral worker
Mian Zia Ur Rehman,4,3.5,34.07597554,71.45831218,welder
Babar saleem Swati,13,4.5,34.07002916,71.45354707,painter
Muhammad Naeem,15,4,34.06111256,71.44759674,welder
NAWABZADA FARID SALAHUDDIN,4,3.5,34.0551712,71.44522273,plumber
Sardar Muhammad Yousaf Zaman,11,2,34.04576763,71.44285783,taillor
Laiq Muhammad Khan,71,4,34.04131484,71.44227176,electrition 
Nazir Ahmed Abbasi,3,3.5,34.03537949,71.44228553,genral worker
Sardar Aurangzaib Nalotha,7,3.5,34.03092858,71.44229659,carpenter
Haji Qalandar Khan Lodhi,157,3,34.02400634,71.4423138,painter
Mushtaq Ahmad Ghani,5,5,34.02005305,71.44410853,welder
Akbar Ayub Khan,6,4.5,34.01313501,71.44709847,plumber
Arshad Ayub Khan,3,5,34.00671121,71.45008534,taillor
Faisal Zaman,36,4,33.99732251,71.4548623,electrition 
Rangez Ahmad,3,2,33.9933699,71.45784656,genral worker
Asad Qaiser,5,3,33.98843136,71.46202829,welder
Abdul Karim,7,3,33.98448222,71.46799541,painter
Muhammad Ali,4,3,33.98201356,71.47455239,welder
Shehram Khan,3,2.5,33.98152144,71.48289566,plumber
MALIK SHAUKAT ALI,35,3.5,33.98152116,71.49183303,taillor
Tufail Anjum,6,2.5,33.99140201,71.50970826,electrition 
Muhammad Atif,12,2,33.9963454,71.51686317,genral worker
Amir Farzand Khan,18,2.5,34.00227738,71.52402064,carpenter
Muhammad Zahir Shah,4,2,34.01414655,71.53715129,painter
Amir Haider Azam Khan,4,5,34.02156747,71.54491509,welder
Iftikhar Ali,13,5,34.02899191,71.55089381,plumber
Jamshid Khan,8,1.5,34.03443602,71.55627229,taillor
Khalid Khan,62,3,34.03790032,71.55985759,electrition 
Shakeel Bashir Khan,6,4,34.03987986,71.56165093,genral worker
Sultan Muhammad Khan,5,5,34.04334478,71.56464064,welder
Fazale Shakoor Khan,10,4.5,34.04482963,71.56583652,painter
Muhammad Arif,27,4.5,34.04532492,71.56344655,welder
Pervez Khattak,11,3,34.045325,71.55508079,plumber
Muhammad Idrees,3,3.5,34.04532525,71.54731438,taillor
Jamshid Ud Din,3,2.5,34.04532501,71.54253542,electrition 
Pervez Khattak,12,3,34.04334356,71.52879731,genral worker
Khaleeq Ur Rehman,14,5,34.04136383,71.5222279,carpenter
MEHMOOD JAN,3,2.5,34.03938177,71.51625702,painter
Arbab Muhammad Waseem Khan,6,4,34.03987607,71.51506289,welder
ARBAB JEHANDAD KHAN,12,4.5,34.04532372,71.52282493,plumber
Syed Muhammad Ishtiaq,9,4.5,34.05225342,71.53297919,taillor
Shah Farman,6,2.5,34.05918271,71.54253841,electrition 
Shah Farman,203,4,34.06215296,71.54672162,genral worker
Fahim Ahmad,4,5,34.06660874,71.55269879,welder
Taimur Saleem Khan,3,3.5,34.06413319,71.54851485,painter
Pir Fida Muhammad,3,5,34.05819326,71.53955128,welder
Wajid Ullah Khan,104,4,34.05027363,71.52879777,plumber
Asif Khan,65,3,34.04334083,71.51565926,taillor
Kamran Khan Bangash,14,4,34.03937825,71.50969049,electrition 
Fazal Ilahi,34,3.5,34.03591161,71.50432051,genral worker
Amjid Khan Afridi,6,4.5,34.03442588,71.50133775,carpenter
Shah Dad Khan,3,4.5,34.03739457,71.50193302,painter
ZIA ULLAH KHAN,4,5,34.04482074,71.50789808,welder
Shah Faisal Khan,4,3.5,34.0532413,71.51685178,plumber
Muhammad Zahoor,3,1,34.06661028,71.52939644,taillor
MIAN NISAR GUL,125,5,34.08888535,71.55091419,electrition 
ZAFAR AZAM,13,3,34.0963138,71.55749368,genral worker
Sher Azam Khan,66,4.5,34.10225873,71.56347703,welder
SyedA Yasmeen Safdar,6,3.5,34.10820141,71.57065671,painter
Shah Muhammad Khan,202,4,34.11315321,71.57544458,welder
Akram Khan Durrani,7,3,34.11463884,71.57724,plumber
Munawar Khan,3,2.5,34.11117249,71.57364894,taillor
Hisam Inam Ullah Khan,12,4.5,34.10572544,71.56766506,electrition 
Anwar Hayat Khan,43,3.5,34.0992863,71.56048511,genral worker
mehmood ahmad khan,5,4.5,34.09235016,71.55211073,carpenter
Ehtsham Javed,57,2.5,34.08541978,71.54374073,painter
Ahmed Kundi,44,4,34.07947936,71.53477534,welder
Ali Amin Khan,26,4,34.07502392,71.52879933,plumber
Lutaf Ur Rehman,4,4,34.07106359,71.52401915,taillor
Sardar Babar Khan,10,4,34.06710387,71.52222684,electrition 
Mitta Khan Kakar,4,3,34.06858924,71.52521413,genral worker
Mullana Noor Ullah,48,4,34.06957974,71.52879908,welder
Muhammad Khan,4,4,34.07007531,71.53298171,painter
Masood Ali Khan,3,2.5,34.07106494,71.53716439,welder
Noor Muhammad Son of Ibrahim,5,3.5,34.07106448,71.53955439,plumber
Sardar Sarfaraz Chakar Domki,3,1.5,34.06759875,71.54074849,taillor
Sardar Abdul Rehman Khetran,25,3.5,34.06512337,71.54134527,electrition 
Mir Naseeb Ullah Khan,11,4.5,34.06066801,71.54134405,genral worker
Guaram Bugti,3,5,34.05571754,71.54134257,carpenter
Mir Sikandar Ali,3,4.5,34.05126357,71.54134177,painter
Muhammad Khan,3,4.5,34.04631469,71.54134088,welder
Umar Khan Jamali,7,5,34.04235549,71.54074284,plumber
Mir Jan Muhammad Khan Jamali,64,3,34.03938609,71.54074232,taillor
Saleem Ahmed,5,2,34.03740656,71.54133928,electrition 
Nawabzada Tariq Magsi,4,2,34.03592181,71.54790938,genral worker
Mir Sardar Khan Rind,4,2.5,34.03592047,71.55985684,welder
Abdul Wahid Siddiqi,7,3.5,34.03888787,71.57360134,painter
Asghar Ali Tareen,5,5,34.04334068,71.58376409,welder
Syed Muhammad Fazal Agha,8,3,34.04630771,71.59153474,plumber
Zamarak Khan,3,5,34.04729466,71.59571604,taillor
Muhammad Nawaz,307,4,34.04383221,71.58973787,electrition 
Asghar Khan,5,4,34.04234898,71.58615214,genral worker
Malik Naeem Khan Bazai,100,4,34.03839097,71.57718421,carpenter
Malik Sikandar Khan,20,5,34.03443384,71.56642721,painter
Ahmed Ali,752,4,34.03047527,71.55626875,welder
Abdul Khaliq,4,4,34.02849702,71.55029631,plumber
Muhammad Mobeen Khilji,29,3,34.02701275,71.5449203,taillor
Akhtar Hussain Langove,4,4,34.02552814,71.54133607,electrition 
Ahmed Nawaz,6,3,34.02948725,71.54133701,genral worker
Nasrullah Khan Bareach,3,3.5,34.03889135,71.54731279,welder
Nawabzada Muzafar Ullah Shahwani,10,3,34.05126496,71.5562785,painter
Muhammad Rahim,61,3,34.06413614,71.56465189,welder
Muhammad Arif,49,4,34.07948136,71.57362607,plumber
Mir Niamatullah Zehri,7,5,34.08542238,71.57602163,taillor
Mir Zia ullah,36,5,34.08987832,71.57781853,electrition 
Sardar Sanaullah Zehri,3,3.5,34.09037343,71.57722094,genral worker
Mir Younis Aziz Zehri,5,5,34.09037348,71.57482917,carpenter
Muhanmmad Akhtar Mengal,5,3,34.0888883,71.57243663,painter
Zabid Ali,7,5,34.08740306,71.5700442,welder
Sana Ullah Baloch,81,4.5,34.08641303,71.56765228,plumber
Asadullah,3,5,34.08888847,71.57124093,taillor
Asadullah,6,3,34.0933443,71.57722313,electrition 
Zahoor Ahmed Buledai,5,1,34.09334413,71.57961495,genral worker
Syed Ehsan Shah,3,3,34.09086852,71.57961314,welder
Abdul Rauf Rind,71,4,34.0878978,71.57961094,painter
Mir Akbar Askani,9,3.5,34.08393692,71.57960804,welder
Muhammad Saleh Bhootani,9,3.5,34.07997608,71.57960512,plumber
Jam Kamal Khan,3,3.5,34.07452991,71.57960096,taillor
Yaqoob Bizanjo,5,5,34.0680939,71.57780278,electrition 